,Track 1,Track 2,Track 3,Track 4,Track 5,Track 6,Track 7,Track 8,Track 9,Track 10,Track 11,Track 12,Track 13,Track 14,Track 15,Track 16,Track 17,Track 18,Track 19,Track 20,Track21,Track 22,Track 23,Track 24,Track 25,SpecLabel,GenLabel
152.4,4160000,1180000,404,0.0085,0,4,0.0444,47100,2190,174,206,179,0.00352,0.673,49100,0.51,298,0.704,0.95,0.00149,155,85.2,6.29,4,0.0925,0,0
243.8,2910000,952000,2180,0.0392,0,2,0.0304,53400,1670,107,204,129,0.00383,0.739,27800,0.343,224,0.688,0.952,0.00227,0,64.3,4.19,4,0.58,0,0
323.1,2660000,1110000,1900,0.0399,0,0,0.0341,45800,1620,100,200,84.7,0.0035,0.809,28500,0.383,253,0.689,0.972,0.00148,35.9,61,5.49,4,0.439,0,0
338.3,3410000,1200000,736,0.0159,2.53E-05,1,0.0408,45400,1930,129,82.2,44.3,0.00376,0.769,34100,0.429,330,0.684,0.988,0.00122,33.1,17.5,7.22,4,0.864,0,0
365.8,2530000,816000,0,0,1.25E-05,2,0.0388,41700,1680,99.1,236,33.8,0.0036,0.926,27400,0.397,390,0.676,0.993,0.0012,111,0,9.28,4,0.683,0,0
426.7,2220000,812000,0,0,0,0,0.0304,44400,1390,116,260,260,0.00619,0.644,18600,0.295,292,0.621,0.928,0.00123,62.6,27.3,6.54,4,0.515,0,0
457.2,3450000,712000,5570,0.103,0,5,0.0252,48200,1250,20.5,74.2,0,0.00321,0,6370,0.117,223,0.549,0,0.00228,66.1,0,4.61,4,0.277,0,0
469.4,2150000,916000,1690,0.0486,0,1,0.029,33100,987,77,350,66.4,0.00822,0.905,9290,0.219,247,0.688,0.977,0.00308,0,115,7.41,4,0.953,0,0
472.4,2350000,772000,0,0,0,3,0.0242,49500,1230,110,72.8,20,0.0121,0.868,9000,0.154,114,0.638,0.985,0.00339,83.1,0,2.29,4,0.627,0,0
475.5,2570000,1010000,1070,0.0205,0,1,0.0197,51100,1030,106,303,88,0.00795,0.862,13200,0.205,155,0.666,0.953,9.53E-05,107,114,3.02,4,0.636,0,0
487.7,3760000,853000,6690,0.123,0,5,0.022,47600,1070,54.3,174,221,0.00617,0.588,8760,0.156,255,0.712,0.93,0.00242,199,143,5.32,9,0.888,0,0
490.7,2470000,882000,1600,0.0261,0,0,0.0205,59500,1250,144,72,0,0.0172,0,8220,0.122,152,0.655,0,0.00208,0,0,2.54,4,0.34,0,0
492.4,123000000,577000,12100,0.146,3.65E-18,3,0.0197,70800,1420,33.2,0,488,0.0208,0,1560,0.0216,0,0.824,0,0,241,52.2,0,4,0,0,0
493,805000000,752000,17600,0.218,3.45E-18,3,0.0169,63100,1080,88.8,215,0,0.0477,0,1770,0.0273,58.5,1,0,0.00872,102,0,0.926,4,0,0,0
493.8,4920000,2450000,317,0.00136,0,1,0.00854,232000,2000,191,110,222,0.0143,0.473,13200,0.0536,368,0.687,0.95,0.000999,118,2.81,1.59,4,0.573,0,0
496.8,3000000,1010000,1920,0.0275,0,2,0.0188,67800,1300,126,265,137,0.00661,0.779,18900,0.218,318,0.671,0.964,0.00172,179,83.7,4.66,9,0.941,0,0
499.9,2150000,846000,0,0,0,0,0.0194,55000,1090,121,71.7,29.3,0.0151,0.817,7880,0.125,169,0.659,0.985,0.00556,0,28.1,3.07,4,0.58,0,0
502.9,1850000,780000,0,0,0,0,0.0188,64300,1230,102,149,0,0.00567,0,17900,0.218,222,0.677,0,0.000728,33.7,119,3.44,4,0.78,0,0
506,2260000,849000,0,0,0,0,0.0197,53200,1070,162,52.2,150,0.0179,0.39,8880,0.143,287,0.632,0.957,0.00279,50.2,14.3,5.36,4,1.08,0,0
509,1990000,819000,1590,0.0306,0,0,0.024,50200,1230,114,43.6,20.1,0.0209,0.799,5310,0.0957,32.2,0.703,0.949,0.00198,190,48.4,0.642,4,0.522,0,0
512.1,1860000,756000,0,0,2.1E-05,0,0.0206,57400,1210,143,152,98.4,0.0214,0.739,6540,0.102,133,0.714,0.94,0.00535,406,71.5,2.32,4,0.888,0,0
515.1,2270000,1120000,90.4,0.00171,0,0,0.0257,52900,1400,111,100,96.3,0.0161,0.657,6800,0.114,157,0.689,0.95,0.00396,345,0,2.95,4,0.528,0,0
518.2,6110000,1590000,6430,0.0836,5.82E-05,5,0.0276,70500,2000,276,133,26.1,0.0178,0.904,15300,0.178,298,0.665,0.993,0.00266,388,159,4.21,9,1.61,0,0
533.4,4430000,773000,2450,0.0449,2.73E-18,5,0.0228,52100,1220,86.8,95,53.7,0.0153,0.765,5590,0.0969,159,0.686,0.972,0.00534,186,85.1,3.04,4,4.64,0,0
548.6,3200000,906000,0,0,3.12E-18,4,0.0127,95100,1220,142,228,64.7,0.021,0.867,6620,0.0651,120,0.669,0.956,0.00134,145,31.9,1.26,4,4.07,0,0
563.9,3330000,998000,0,0,2.94E-18,4,0.0105,138000,1460,166,271,17.5,0.0245,0.966,6590,0.0456,146,0.681,0.99,0.00253,143,68,1.06,4,3.44,0,0
579.1,3010000,805000,291,0.00472,1.34E-18,4,0.0186,61400,1170,120,71,191,0.021,0.407,5600,0.0837,109,0.713,0.869,0.00124,140,24.2,1.77,4,5.27,0,0
594.4,3530000,1040000,6.35,0.000107,1.21E-18,4,0.0215,59200,1300,181,250,71.6,0.0254,0.866,6940,0.105,53.9,0.669,0.898,0.00216,150,0,0.909,4,13.6,0,0
609.6,2580000,760000,0,0,1.48E-18,4,0.0198,50900,1030,116,119,33.5,0.0316,0.869,3550,0.0651,0,0.63,0,0.0063,11.5,50.6,0,4,0,0,0
624.8,3390000,908000,6590,0.0925,2.39E-05,3,0.0192,64600,1260,282,322,42.7,0.0329,0.934,8280,0.114,264,0.674,0.986,0.00114,0,0,4.06,4,0.47,0,0
640.1,2800000,857000,1980,0.027,0,3,0.017,71500,1230,110,103,0,0.0108,0,10100,0.124,233,0.62,0,0.00171,164,52.7,3.24,4,0.983,0,0
655.3,3450000,773000,4400,0.0693,0,4,0.0187,59000,1130,188,207,0,0.027,0,6760,0.103,89.9,0.673,0,0.00209,205,44.5,1.52,4,0.911,0,0
670.6,3550000,1050000,5210,0.0688,3.89E-05,4,0.0187,70400,1340,96.6,232,190,0.00502,0.695,19200,0.214,332,0.651,0.954,0.000399,0,112,4.69,4,1.04,0,0
685.8,5530000,1270000,14600,0.19,0,5,0.0242,62300,1550,300,128,0,0.0175,0,16800,0.213,229,0.687,0,0.0015,278,69.5,3.67,4,0.997,0,0
701,2920000,810000,0,0,0,2,0.0222,57600,1310,149,92.9,200,0.00673,0.467,22000,0.276,378,0.644,0.957,0.000859,109,2.04,6.51,4,0.496,0,0
716.3,2570000,821000,0,0,0,0,0.0133,86500,1170,142,155,0,0.0159,0,8800,0.0923,156,0.631,0,0.000318,150,16.9,1.79,4,0.58,0,0
731.5,2100000,866000,2300,0.0414,0,0,0.017,53200,919,68.2,173,0,0.00802,0,8440,0.137,169,0.632,0,0.00255,268,93.5,3.16,4,0.706,0,0
746.8,3530000,813000,9200,0.172,0,5,0.0205,44300,928,148,58.2,128,0.0256,0.462,5660,0.113,86.8,0.69,0.889,0.00245,0,66.6,1.95,4,0.571,0,0
762,2450000,854000,428,0.00605,1.26E-18,0,0.0147,70300,1050,129,159,92.3,0.00567,0.765,22700,0.244,106,0.663,0.932,0.0014,213,261,1.51,4,2.86,0,0
777.2,2700000,1300000,0,0,1.28E-18,0,0.0257,44700,1180,443,140,121,0.0204,0.686,21300,0.323,507,0.711,0.98,0.00143,0,97.9,11.2,9,3.17,0,0
792.5,1760000,678000,1110,0.0262,0,0,0.0207,41300,871,54.5,103,0,0.00657,0,8240,0.166,103,0.696,0,0,0,62.5,2.48,4,0.759,0,0
807.7,2500000,792000,0,0,0,2,0.0232,49600,1180,190,180,126,0.00736,0.731,25700,0.341,235,0.669,0.957,0.00154,150,63.5,4.72,4,0.841,0,0
823,2580000,936000,0,0,0,3,0.0196,49100,982,159,70,14.8,0.0204,0.9,7640,0.135,120,0.643,0.99,0.00296,347,0,2.43,4,0.75,0,0
838.2,2290000,746000,0,0,1.44E-18,1,0.0172,55600,970,109,199,251,0.011,0.601,9750,0.149,194,0.658,0.902,0.00153,191,105,3.48,4,5.07,0,0
853.4,2670000,903000,4250,0.0814,1.41E-18,2,0.0235,47900,1150,163,145,58.1,0.0124,0.826,13000,0.214,128,0.661,0.963,0.00109,135,5.57,2.67,4,2.72,0,0
868.7,2980000,792000,0,0,1.45E-18,0,0.0181,55200,1020,168,107,123,0.0223,0.624,7360,0.118,189,0.642,0.948,0.00269,0,38.6,3.41,4,1.78,0,0
883.9,4370000,900000,2320,0.0169,1.08E-18,4,0.0101,135000,1380,258,118,174,0.0149,0.565,17000,0.112,233,0.661,0.941,0.00139,0,209,1.72,4,2.94,0,0
899.2,3850000,697000,6280,0.0883,1.49E-18,3,0.0226,64900,1500,118,105,0,0.00786,0,14900,0.187,208,0.641,0,0.00185,433,0,3.19,4,1.91,0,0
914.4,2060000,684000,888,0.0216,3.09E-18,1,0.0232,40200,953,171,201,99.2,0.016,0.796,10500,0.207,141,0.646,0.944,0.00227,0,1.59,3.49,4,3.82,0,0
929.6,2260000,735000,0,0,2.87E-18,3,0.0258,42600,1130,119,231,105,0.00723,0.81,16300,0.277,264,0.666,0.968,0.00114,25.4,99.3,6.16,4,2.13,0,0
944.9,1670000,531000,0,0,3.27E-18,0,0.0211,42500,917,57.7,175,43,0.00427,0.887,13500,0.241,27.7,0.66,0.885,0.002,23.4,0,0.651,4,1.66,0,0
960.1,2170000,696000,66.6,0.00121,0,3,0.0256,54800,1440,162,96.4,126,0.00943,0.596,17000,0.236,209,0.672,0.952,0.00117,0,0,3.8,4,2.8,0,0
975.4,2820000,912000,0,0,2.36E-18,0,0.0355,57300,2110,226,267,394,0.00816,0.567,27500,0.324,165,0.667,0.834,0.00134,338,138,2.87,4,1.53,0,0
990.6,2270000,1060000,456,0.00816,2.5E-18,0,0.0228,55400,1290,91.4,159,150,0.00709,0.671,12800,0.188,274,0.67,0.956,0.000311,187,0,4.93,4,3.03,0,0
1005.8,3100000,965000,0,0,8.77E-06,0,0.0131,147000,1950,190,214,105,0.0122,0.798,15400,0.095,196,0.656,0.957,0.00158,190,56.3,1.33,4,1.66,0,0
1021.1,6780000,979000,0,0,7.99E-05,0,0.0321,155000,5140,423,312,58.5,0.00214,0.912,197000,0.559,461,0.735,0.99,0.000622,390,162,2.96,10,0.859,0,0
1036.3,2890000,716000,4580,0.0374,3.05E-18,0,0.0149,118000,1790,145,45.3,0,0.00693,0,20800,0.15,218,0.636,0,0.00231,0,0,1.84,4,0.836,0,0
1051.6,3400000,1230000,0,0,2.47E-18,0,0.0191,132000,2560,235,175,118,0.00842,0.745,27700,0.174,159,0.684,0.942,0.00206,279,148,1.2,4,0.809,0,0
1066.8,3270000,1060000,0,0,3.49E-05,0,0.0195,137000,2720,317,346,225,0.00784,0.75,40200,0.227,226,0.685,0.924,0.000873,290,0,1.65,5,0.651,0,0
1097.3,2160000,839000,0,0,2.62E-18,0,0.0273,44500,1250,148,247,54.3,0.00812,0.899,18100,0.289,229,0.653,0.981,0.00153,73,50.4,5.12,4,2.91,0,0
1112.5,1820000,699000,1770,0.0387,2.59E-18,0,0.0277,44000,1250,105,0,35,0.0111,0,9380,0.176,121,0.699,0.977,0.000682,179,28.3,2.74,4,3.69,0,0
1127.8,1750000,691000,0,0,0,0,0.0188,46100,881,92.5,117,0,0.0155,0,5870,0.113,68.5,0.687,0,0.000613,248,138,1.48,4,0.509,0,0
1143,3840000,800000,0,0,0,3,0.0147,334000,5000,124,264,299,0.00739,0.635,16700,0.0476,123,0.673,0.833,0.000911,10.6,73.6,0.367,4,0.565,0,0
1158.2,4100000,813000,457,0.00126,4.04E-05,2,0.0138,361000,5060,116,296,0,0.00335,0,34400,0.0868,221,0.694,0,0.000526,215,55.3,0.61,4,0.761,0,0
1173.5,3660000,743000,0,0,3.76E-05,3,0.0163,212000,3510,185,212,113,0.00364,0.786,50700,0.193,248,0.708,0.964,0.000587,48.9,0,1.17,4,0.643,0,0
1188.7,3490000,906000,1390,0.00609,0.00012,0,0.0154,227000,3560,265,167,150,0.00493,0.688,53500,0.191,662,0.704,0.982,0.000625,204,0,2.91,9,0.635,0,0
1204,3310000,736000,0,0,0.000103,0,0.0113,403000,4590,148,325,70,0.00667,0.902,22100,0.052,156,0.647,0.964,0.0012,0,241,0.386,4,0.654,0,0
1219.2,3760000,862000,3100,0.0146,2.7E-05,0,0.0152,209000,3240,238,14.8,37,0.00378,0.442,62800,0.231,791,0.688,0.996,0.00123,158,0,3.76,9,0.597,0,0
1234.4,2960000,932000,0,0,5.7E-05,0,0.0131,187000,2500,146,280,197,0.00386,0.738,37700,0.168,354,0.688,0.956,0.000912,10.6,168,1.89,9,0.982,0,0
1249.7,3040000,851000,0,0,7.41E-06,0,0.0129,214000,2800,196,261,300,0.00731,0.633,26600,0.11,185,0.653,0.883,0.00194,193,147,0.863,4,0.453,0,0
1280.2,4040000,715000,0,0,2.38E-05,3,0.0104,422000,4450,184,164,0,0.00482,0,38000,0.0825,622,0.692,0,0.00124,152,80.6,1.47,4,0.855,0,0
1295.4,6070000,899000,0,0,0.000188,3,0.0106,537000,5760,229,435,391,0.0031,0.689,73600,0.121,431,0.692,0.931,0.000964,171,95,0.802,10,0.691,1,1
1310.6,3500000,690000,0,0,6.01E-05,0,0.0098,457000,4520,134,317,91.2,0.00772,0.874,17200,0.0363,300,0.69,0.976,0.0013,37.8,43.7,0.655,4,0.934,0,0
1325.9,3360000,791000,0,0,4.04E-05,3,0.00941,239000,2270,255,429,47.5,0.0158,0.947,15900,0.0624,222,0.676,0.983,0.00134,267,0,0.93,4,0.674,0,0
1334.4,126000000,962000,4050,0.0426,2.2E-05,1,0.0169,91000,1560,106,80.5,335,0.0285,0.395,3600,0.0381,199,0.745,0.901,0.00295,0,1.63,2.19,4,0,0,0
1335.3,1920000000,627000,25000,0.238,3.49E-18,4,0.0232,80100,1900,105,53.1,54.2,0.0342,0.727,2970,0.0358,68.1,0.84,0.95,0.0021,281,0,0.849,4,0,0,0
1335.6,202000000,964000,28200,0.254,3.73E-05,3,0.0242,82900,2050,148,85.1,0,0.0166,0,8760,0.0956,68.8,0.75,0,0.00299,6.72,92.2,0.829,4,7.4,0,0
1341.1,2750000,731000,0,0,2.62E-18,3,0.0136,115000,1580,145,233,0,0.00847,0,16900,0.129,237,0.665,0,0.00109,162,94.5,2.06,4,1.54,0,0
1356.4,3640000,773000,0,0,5.61E-05,0,0.0131,160000,2130,151,156,57.6,0.00798,0.844,18800,0.105,204,0.661,0.978,0.000179,236,187,1.27,4,2.04,0,0
1371.6,3280000,771000,3840,0.0236,1.82E-05,0,0.0194,159000,3140,251,306,535,0.00522,0.535,47800,0.231,430,0.668,0.908,0.00168,0,136,2.7,4,0.763,0,0
1386.8,3050000,818000,0,0,2.37E-05,0,0.0179,125000,2270,107,203,237,0.00821,0.633,12900,0.0935,156,0.643,0.89,0.00331,35.3,58.9,1.25,4,3.95,0,0
1402.1,2630000,806000,7620,0.0378,3.43E-05,0,0.0156,194000,3070,51.7,374,326,0.00561,0.697,9160,0.0451,229,0.616,0.897,0.00449,35.7,0,1.18,4,1.2,0,0
1417.3,2740000,831000,149,0.00154,2.86E-18,2,0.0148,96600,1450,59,416,526,0.0092,0.614,6360,0.0617,118,0.698,0.735,0.00312,509,101,1.22,4,0,0,0
1432.6,3380000,695000,2270,0.0191,3.42E-18,3,0.0155,117000,1840,294,170,0,0.0138,0,21000,0.152,245,0.67,0,0.000319,257,147,2.09,4,0.968,0,0
1447.8,4730000,1490000,0,0,1.92E-05,0,0.0347,88600,3190,206,344,302,0.00443,0.697,46100,0.343,363,0.683,0.937,0.00191,402,0,4.08,5,0.48,0,0
1478.3,2830000,767000,5150,0.089,1.35E-18,4,0.0241,52700,1300,198,156,1.41,0.0354,0.996,5390,0.0927,209,0.653,1,0.00305,0,44,3.95,4,0,0,0
1493.5,2080000,792000,2630,0.0424,4.15E-18,0,0.0237,59400,1440,81.5,75.3,30.9,0.00946,0.831,8530,0.126,114,0.638,0.979,0.00198,170,33,1.91,4,2.1,0,0
1508.8,3600000,773000,0,0,8.25E-05,1,0.0282,98700,2860,235,141,216,0.0033,0.569,70800,0.418,467,0.684,0.964,0.00101,614,116,4.71,4,0.59,0,0
1524,2960000,1190000,3570,0.0651,6.78E-18,0,0.0209,51300,1090,104,117,0,0.0184,0,5570,0.098,174,0.645,0,0.00277,249,0,3.39,4,0,0,0
1539.2,2170000,611000,0,0,7.43E-18,4,0.0279,40500,1160,0,82.7,241,0,0.413,3490,0.0793,146,0.725,0.883,0.00852,201,0,3.59,4,0,0,0
1554.5,4960000,1940000,0,0,3.87E-18,0,0.0215,176000,3870,83.9,306,0,0.0151,0,5470,0.0301,51.6,0.658,0,0.00961,0,68.1,0.292,4,0,0,0
1569.7,2970000,398000,0,0,5E-18,2,0.0318,43500,1430,71,144,527,0.0145,0.359,4830,0.1,106,0.779,0.716,0.00101,0,264,2.44,4,0,0,0
1585,979000,352000,1200,0.0305,1.1E-06,0,0.0305,38100,1200,80.9,72.5,0,0.018,0,4410,0.104,0,0.762,0,0.000917,66.2,16.4,0,4,0,0,0
1600.2,2040000,286000,44,0.00103,0,1,0.0206,42900,901,38.5,146,0,0.0119,0,3190,0.0691,33.6,0.69,0,0.00277,379,27.2,0.783,4,0.867,0,0
1615.4,1490000,331000,1760,0.0458,0,2,0.0262,36700,986,69.8,77.6,106,0.00973,0.6,7110,0.162,68.4,0.63,0.89,0.00489,253,52.7,1.86,4,0.481,0,0
1630.7,1790000,312000,0,0,0,4,0.0248,48200,1230,67.6,106,60.4,0.00872,0.783,7680,0.138,22.4,0.65,0.823,0.00223,0,34.8,0.466,4,0.623,0,0
1645.9,1480000,291000,0,0,0,1,0.0238,43200,1050,47,0,152,0.00516,0,9050,0.173,95.8,0.64,0.888,0.00331,0,0,2.21,4,0.365,0,0
1661.2,1580000,329000,2170,0.037,0,2,0.0176,56600,1010,77.3,159,168,0.0165,0.662,4600,0.0752,33.3,0.596,0.714,0.00265,0,0,0.588,4,0.897,0,0
1676.4,1870000,322000,0,0,0,2,0.0157,69600,1110,72.8,99,218,0.0141,0.484,5090,0.0681,7.33,0.669,0.297,0.000527,5.52,7.93,0.105,4,0.838,0,0
1691.6,2060000,304000,0,0,0,1,0.0145,77200,1130,34,95.9,14.2,0.0744,0.934,423,0.00545,58.8,0.144,0.981,0.0047,0,27.5,0.76,4,0.429,0,0
1706.9,1650000,281000,662,0.0111,0,2,0.0172,58900,1030,57.9,45.6,14.1,0.011,0.87,5220,0.0814,54.1,0.678,0.98,0.00308,270,217,0.917,4,0.593,0,1
1722.1,2030000,283000,0,0,5.24E-18,4,0.0156,68800,1090,69.8,82.4,128,0.0237,0.573,2880,0.0401,26.4,0.73,0.723,0.00139,0,103,0.384,4,0,0,0
1737.4,2080000,277000,2110,0.0305,2.32E-05,4,0.0113,67100,765,34.4,113,0,0.0187,0,1800,0.0262,24.5,0.926,0,0.00056,276,150,0.365,4,0,0,0
1752.6,2440000,277000,7000,0.0576,5.33E-18,3,0.0119,115000,1370,93.1,68.5,0,0.0498,0,1780,0.0153,61.8,0.975,0,0.00403,0,49.1,0.54,4,0,0,0
1767.8,3200000,335000,2630,0.0343,5.59E-18,5,0.015,73900,1130,58.4,154,0,0.0186,0,3080,0.0401,0,0.709,0,0.00484,59.4,0,0,4,0,0,0
1783.1,1750000,309000,0,0,3.45E-18,4,0.0116,78300,918,37.5,87.1,0,0.0137,0,2690,0.0333,51.1,0.67,0,0.00361,0,0,0.652,4,0,0,0
1798.3,1860000,270000,1480,0.0226,3.48E-18,4,0.0134,63900,870,7.67,62.1,0,0.00273,0,2800,0.0419,34.1,0.691,0,0.00171,241,0,0.532,4,0,0,0
1813.6,1990000,285000,0,0,1.21E-18,4,0.0119,58700,705,97.5,0,0,0.0511,0,1810,0.03,50.6,0.678,0,0.00599,71.1,14.8,0.861,4,0,0,0
1828.8,1570000,287000,0,0,4.79E-18,4,0.0137,51200,709,35.1,0,0,0.0171,0,2020,0.0379,31.7,0.838,0,0,129,90.2,0.619,4,0,0,0
1844,2750000,375000,0,0,5.05E-18,2,0.0184,64700,1210,180,52.3,51.5,0.0114,0.681,15600,0.194,25.9,0.641,0.865,0.00136,77.5,145,0.401,4,1.31,0,0
1859.3,2860000,307000,1740,0.0217,4.23E-18,1,0.0162,78300,1290,83.4,67.2,194,0.0122,0.421,6760,0.0795,79.8,0.694,0.84,0.00151,50.2,13.9,1.02,4,0,0,0
1874.5,5210000,344000,25800,0.306,2.68E-05,5,0.0225,58400,1340,107,152,70.2,0.0124,0.82,8550,0.128,14.8,0.662,0.729,0.000936,241,5.51E-13,0.254,4,1.67,0,0
1889.8,2070000,335000,0,0,4.45E-18,3,0.0154,89500,1400,138,143,0,0.00815,0,16900,0.158,123,0.661,0,0.000949,194,4.79,1.37,4,1.95,0,0
1905,1620000,294000,1570,0.0216,4.26E-18,3,0.018,71100,1300,74.5,108,188,0.0128,0.548,5750,0.0749,15.2,0.714,0.508,0.00347,255,34.4,0.214,4,2.96,0,0
1920.2,3660000,383000,0,0,1.04E-18,1,0.0185,95600,1810,233,125,0,0.00616,0,37600,0.282,17.7,0.675,0,0.000497,157,155,0.186,4,1.06,0,0
1935.5,2360000,548000,0,0,9.04E-19,2,0.0193,87300,1720,34.4,167,187,0.00624,0.656,5480,0.0591,31.1,0.664,0.68,0.00536,235,3.54,0.356,4,3.3,0,0
1950.7,1530000,383000,1660,0.0301,4.14E-18,2,0.0182,53700,996,61.1,289,0,0.014,0,4300,0.0741,49,0.655,0,0.00113,14.1,0,0.912,4,0,0,0
1966,2260000,362000,6840,0.0665,0,3,0.0222,96100,2180,114,358,33.9,0.0122,0.958,9210,0.0874,74.3,0.635,0.966,0.000777,185,22.1,0.772,4,1.91,0,0
1981.2,1860000,363000,0,0,1.39E-05,1,0.0202,72500,1500,37.1,115,0,0.00396,0,9330,0.114,133,0.681,0,0,249,0,1.83,4,7.91,0,0
1996.4,2630000,380000,5040,0.0222,2.43E-05,2,0.0142,222000,3200,94.6,38.7,0,0.0112,0,8360,0.0363,41,0.7,0,0.000531,36.9,0,0.185,4,1.43,0,1
2011.7,2300000,327000,0,0,1.07E-18,3,0.0125,215000,2720,90.6,198,179,0.0145,0.703,6180,0.028,90.8,0.69,0.867,0.00467,17.4,75.7,0.423,4,34.7,0,1
2026.9,3160000,351000,3640,0.0178,1.06E-18,1,0.0127,201000,2590,97,131,0,0.0115,0,8340,0.0398,145,0.686,0,0.00307,384,107,0.718,4,6.18,0,1
2042.2,2600000,368000,0,0,1.05E-18,3,0.00735,286000,2120,143,186,128,0.0117,0.758,12100,0.0405,72.4,0.688,0.879,0.00491,279,0,0.253,4,5.64,0,1
2057.4,2690000,362000,81,0.000679,1.16E-18,4,0.0123,119000,1480,45.6,101,0,0.0113,0,4000,0.0325,13.4,0.731,0,0,0,73,0.112,4,0,0,0
2072.6,1790000,328000,1820,0.0199,1.31E-06,1,0.0207,89800,1900,20.9,167,0,0.00421,0,4930,0.052,51.1,0.615,0,0.00143,170,81.2,0.568,4,11.8,0,0
2103.1,2950000,374000,0,0,4.1E-18,3,0.0228,99900,2330,142,88.9,143,0.00957,0.574,14700,0.128,47.5,0.643,0.812,0.00158,366,38.6,0.475,4,3.23,0,0
2118.4,2380000,400000,1130,0.0123,3.53E-18,4,0.0159,91000,1470,29,124,0,0.00647,0,4450,0.0466,0,0.712,0,0.00448,210,31.6,0,4,0,0,0
2133.6,3290000,374000,0,0,3.5E-18,4,0.0152,209000,3230,140,124,233,0.0236,0.536,5810,0.0271,125,0.763,0.874,0.00395,333,96.7,0.597,4,0,0,1
2148.8,3380000,414000,0,0,1.01E-05,3,0.0136,278000,3820,146,145,0,0.00683,0,21200,0.071,68.7,0.652,0,0.00114,190,56.9,0.247,4,0.678,0,1
2164.1,4560000,499000,0,0,1.1E-05,3,0.0101,354000,3610,227,123,36.3,0.0089,0.881,25300,0.0667,95.8,0.666,0.972,0.00219,132,0,0.27,4,2.62,0,1
2179.3,3740000,465000,626,0.00131,5.22E-05,0,0.00984,476000,4730,220,220,0,0.0122,0,17800,0.0359,61.4,0.677,0,0.00291,5.87,0,0.129,4,1.03,1,1
2194.6,3630000,536000,6830,0.0192,3.32E-18,2,0.0108,348000,3800,113,103,112,0.0141,0.667,7910,0.0222,0,0.706,0,0.000687,0,0,0,4,5.18,0,1
2209.8,2570000,366000,0,0,6.12E-05,4,0.0142,220000,3180,112,168,184,0.0179,0.666,6140,0.0271,166,0.633,0.922,0.00257,0,128,0.752,4,2890,0,1
2225,3070000,372000,0,0,9.54E-19,1,0.0106,202000,2160,230,82.1,57,0.0204,0.759,11100,0.0518,61.3,0.6,0.934,0.00465,48,32.7,0.303,4,1.43,0,1
2240.3,3270000,429000,4240,0.0259,3.42E-18,3,0.0157,159000,2540,103,152,207,0.015,0.616,6740,0.0407,174,0.659,0.917,0.00352,97,44.2,1.09,4,4.04,0,0
2255.5,4610000,405000,22400,0.167,3.61E-05,3,0.014,111000,1590,74.5,426,0,0.011,0,6730,0.0569,40.4,0.717,0,0.00509,188,165,0.362,4,5.58,0,0
2270.8,3080000,386000,4620,0.0285,3.86E-18,2,0.0151,157000,2400,163,122,45.1,0.0152,0.856,10500,0.0628,26.1,0.639,0.884,0,13,110,0.166,4,1.67,0,0
2286,2780000,403000,8190,0.0457,3.84E-06,2,0.0127,171000,2210,149,84.3,47.7,0.0121,0.795,12200,0.0665,17.3,0.672,0.827,0.000238,0,16,0.101,4,1.07,0,0
2301.2,2670000,418000,5630,0.0229,9.24E-05,2,0.00775,241000,1880,52.9,108,0,0.00912,0,5750,0.0233,60,0.652,0,0.00183,62.5,20.7,0.249,4,3.6,0,1
2316.5,4180000,544000,350,0.00138,3.53E-18,1,0.0067,253000,1710,117,142,73.2,0.0156,0.81,7400,0.0284,11.1,0.716,0.665,0.00148,0,39.4,0.0437,4,15.4,0,1
2331.7,4280000,421000,1910,0.00377,9.17E-06,4,0.00946,504000,4820,147,150,142,0.0142,0.7,10200,0.0199,109,0.699,0.91,0.00183,204,0,0.217,4,0.986,0,1
2347,3810000,441000,2150,0.00528,4.34E-05,4,0.00743,406000,3040,137,227,0,0.012,0,11300,0.0271,113,0.66,0,0.00276,190,210,0.279,4,4.5,0,1
2362.2,2860000,335000,0,0,3.96E-18,3,0.00957,221000,2130,57.5,184,18.3,0.00985,0.957,5790,0.0256,37.9,0.814,0.965,0.00279,0,0,0.172,4,0,0,1
2377.4,3990000,693000,1280,0.00657,3.12E-18,2,0.012,193000,2330,92.8,171,285,0.00985,0.572,9330,0.0462,111,0.709,0.837,0.00528,277,0,0.573,4,2.24,0,1
2423.2,3460000,528000,0,0,2.64E-18,3,0.0102,270000,2770,232,190,102,0.00859,0.806,26800,0.0903,196,0.68,0.962,0.00137,392,55.7,0.723,4,1.05,0,1
2429.3,2580000,438000,6480,0.0301,2.75E-18,2,0.0116,209000,2460,0,133,138,0,0.683,9150,0.042,67.7,0.664,0.867,0.00196,138,142,0.324,4,1.34,0,1
2435.3,4260000,379000,4160,0.02,3.29E-18,3,0.0108,204000,2220,144,57.3,216,0.0136,0.373,10500,0.0487,178,0.727,0.916,0,8.43,0,0.872,4,6.65,0,1
2441.4,2890000,360000,2660,0.00929,2.91E-18,2,0.00982,283000,2810,36,117,0,0.00485,0,7390,0.0254,92.2,0.662,0,0.0011,225,10.6,0.325,4,2.82,0,1
2447.5,3410000,393000,0,0,2.82E-18,3,0.00898,210000,1900,150,102,0,0.00715,0,20800,0.0903,144,0.721,0,0.0013,353,314,0.685,4,4.03,0,1
2453.6,2510000,329000,3950,0.0658,2.75E-18,3,0.0185,56000,1050,35.4,114,374,0.00948,0.405,3700,0.062,0,0.842,0,0.00392,5.67,9.01,0,4,0,0,0
2459.7,2250000,300000,0,0,1.59E-05,2,0.0141,62700,899,28.8,377,62.8,0.00996,0.931,2860,0.0437,35.6,0.921,0.883,0.0012,0,20.9,0.567,4,0,0,0
2465.8,2050000,329000,7500,0.0764,2.92E-18,3,0.012,90700,1100,0,45.2,120,0,0.459,3330,0.0354,4.94,0.774,0.355,0,139,0,0.0544,4,0,0,0
2471.9,1960000,341000,4030,0.0378,3.09E-18,2,0.0125,103000,1310,16.3,40.5,49,0.00383,0.651,4230,0.0396,44.5,0.729,0.924,0.0022,5.91,0,0.433,4,0,0,0
2478,1920000,383000,0,0,6.02E-06,4,0.0124,122000,1530,63.3,82.3,0,0.0168,0,3710,0.0296,46.5,0.707,0,0.00264,559,0,0.383,4,0,0,0
2484.1,2040000,387000,4280,0.0403,4.88E-05,1,0.0142,102000,1470,149,55.7,5.52,0.0158,0.958,9280,0.0834,71.8,0.657,0.994,0.00358,0,0,0.704,4,10.9,0,0
2490.2,4590000,380000,2920,0.044,3.3E-18,5,0.0161,63400,1040,40.2,84.2,0,0.0188,0,2100,0.032,19,0.831,0,0.000908,0,40,0.299,4,0,0,0
2496.3,1960000,356000,4610,0.0383,7.21E-05,2,0.0133,116000,1560,108,50.2,0,0.0235,0,4490,0.0374,36.9,0.646,0,0.00243,113,7,0.319,4,0,0,0
2502.4,2200000,370000,22.1,0.000186,2.15E-18,2,0.0124,118000,1490,110,43.3,334,0.0137,0.228,7930,0.0629,55,0.662,0.689,0.00218,289,13.4,0.465,4,8.35,0,0
2508.5,2240000,317000,0,0,2.26E-18,2,0.0183,91400,1700,52,89,18.8,0.0109,0.915,4730,0.0492,59.8,0.724,0.977,0.00738,172,0,0.654,4,0,0,0
2514.6,2340000,337000,6780,0.0767,5.43E-18,1,0.0208,81600,1740,176,23.2,0,0.0118,0,14800,0.153,27.9,0.667,0,0.00183,26.3,0,0.341,4,2.33,0,0
2520.7,6880000,373000,13300,0.155,5.4E-06,5,0.0258,72500,1920,241,171,51.8,0.0193,0.883,12200,0.144,74.3,0.639,0.951,0.00187,244,111,1.02,4,2.24,0,0
2526.8,2400000,400000,0,0,3.99E-05,1,0.0144,146000,2130,191,169,49.2,0.00912,0.887,20800,0.124,66.8,0.683,0.948,0.00233,33.2,165,0.457,4,0.88,0,0
2532.9,2300000,431000,2470,0.027,1.87E-18,2,0.0179,89300,1630,41.4,116,83.5,0.00897,0.761,4570,0.0488,43.7,0.669,0.876,0.00172,0,0,0.489,4,106,0,0
2539,1660000,363000,0,0,1.93E-05,0,0.0127,121000,1560,98.3,91.7,0,0.0176,0,5500,0.0434,14.8,0.739,0,0,0,53.9,0.122,4,0,0,0
2545.1,2590000,409000,3540,0.0276,2.13E-18,4,0.0165,124000,2090,175,100,38.7,0.0103,0.856,16800,0.119,47.8,0.669,0.943,0.000123,301,35.5,0.384,4,5.03,0,0
2551.2,2300000,383000,0,0,2.36E-18,1,0.0136,144000,1990,81.9,0,187,0.00845,0,9600,0.0625,0,0.635,0,0.00442,26.6,83.5,0,4,2.62,0,0
2557.3,3650000,376000,4680,0.023,3.71E-05,1,0.0118,199000,2370,166,125,0,0.013,0,12700,0.0599,44.7,0.665,0,0.00205,144,177,0.225,4,1.65,0,0
2563.4,2080000,481000,0,0,2.29E-05,1,0.0173,117000,2070,148,55.4,150,0.0092,0.46,16000,0.12,71.4,0.67,0.866,0.00175,350,23,0.609,4,2.84,0,0
2569.5,2070000,408000,0,0,5E-18,2,0.0173,153000,2700,197,229,130,0.0138,0.802,14100,0.0842,174,0.649,0.948,0.000348,0,288,1.14,4,4.01,0,1
2575.6,4550000,484000,0,0,5.3E-18,1,0.0146,198000,2950,174,70.2,89.6,0.0116,0.644,14900,0.0698,104,0.617,0.94,0.00215,0,244,0.522,4,1.88,0,1
2581.7,5310000,419000,29500,0.196,9E-06,5,0.0199,121000,2460,144,0,71.9,0.0144,0,9910,0.0756,101,0.651,0.95,0.00774,626,0,0.832,4,5.31,0,1
2587.8,4420000,522000,5910,0.0402,3.44E-05,2,0.0133,141000,1910,147,270,150,0.0105,0.807,13800,0.0893,172,0.646,0.94,0,0,1.57,1.21,4,0.92,0,1
2593.8,4710000,545000,11300,0.083,5.66E-05,2,0.0161,125000,2030,92.1,239,23.6,0.00478,0.959,19200,0.133,190,0.654,0.991,0.00347,0,0,1.52,4,2.61,0,1
2599.9,3890000,437000,0,0,2.57E-05,3,0.0175,137000,2440,237,193,234,0.00844,0.658,27900,0.169,194,0.696,0.919,0.00158,0,0,1.42,4,1.48,0,1
2606,3040000,580000,2330,0.0179,2.83E-05,3,0.0149,128000,1940,192,206,1460,0.00976,0.248,19500,0.132,118,0.645,0.527,0.0011,233,0,0.923,4,3.81,0,1
2612.1,2670000,496000,5050,0.0309,1.86E-18,1,0.0136,158000,2180,158,151,0,0.00903,0,17400,0.0989,100,0.703,0,0.00174,4.49,0,0.631,4,6.05,0,1
2618.2,3080000,494000,13200,0.0735,1.9E-18,2,0.014,166000,2360,193,127,23.5,0.0108,0.927,17700,0.0965,67.8,0.711,0.975,0.00205,460,0,0.409,4,4.24,0,1
2621.3,2540000,441000,7730,0.0495,1.92E-18,2,0.012,149000,1800,184,3.8,326,0.00787,0.0267,23100,0.135,191,0.705,0.89,0.000946,236,184,1.29,4,5.09,0,1
2636.5,2970000,478000,5700,0.0474,2.02E-18,2,0.0136,115000,1580,83.9,178,0,0.00617,0,13500,0.106,161,0.629,0,0.000557,300,274,1.4,4,4.08,0,1
2651.8,4080000,545000,5330,0.03,3.7E-06,2,0.00891,173000,1550,95.4,238,6.82,0.00828,0.988,11400,0.0621,119,0.742,0.996,0.00198,0,0,0.689,4,13.3,0,1
2667,3040000,506000,0,0,8.34E-07,1,0.0144,109000,1580,96.2,91,256,0.00928,0.456,10300,0.0864,31.8,0.697,0.631,0.00144,0,19.7,0.293,4,3.58,0,1
2682.2,1440000,296000,0,0,2.11E-18,1,0.0116,104000,1220,85.2,143,0,0.0193,0,4330,0.04,9.13,0.736,0,0.000711,0,0,0.0879,4,0.0748,0,1
2697.5,6170000,428000,394,0.00189,1.61E-18,0,0.0205,209000,4370,233,174,27.8,0.00895,0.937,25800,0.11,197,0.693,0.99,0.00296,22,0,0.944,4,2.57,0,1
2712.7,8360000,564000,519,0.00183,2.26E-18,1,0.0134,283000,3840,263,178,90.7,0.014,0.823,18500,0.0614,175,0.699,0.964,0.00485,0,195,0.617,4,2.86,0,1
2713.3,3200000,449000,1640,0.00573,1.22E-05,1,0.0339,284000,9970,139,49.6,0,0.00736,0,18700,0.0617,184,0.674,0,0.00187,298,190,0.647,4,1.09,0,1
2719.4,17000000,1390000,2520,0.00134,0.000413,2,0.0354,1870000,68700,608,4810,1230,0.00881,0.914,68400,0.0353,600,0.629,0.881,0.00469,436,1960,0.321,7,1.12,0,1
2720,66500000,5470000,46900,0.00526,0.000851,2,0.0378,8870000,349000,1090,53300,6860,0.0174,0.955,61400,0.00688,1470,0.607,0.765,0.0611,2900,19700,0.166,9,0.206,0,1
2720.3,26900000,1530000,23500,0.00659,0.000511,2,0.029,3540000,106000,244,8340,307,0.0193,0.987,12400,0.00348,159,0.592,0.887,0.0266,1050,1820,0.0448,5,0.414,0,1
2720.9,78400000,4180000,24100,0.00284,0.00109,3,0.0444,8460000,393000,987,57600,17400,0.00948,0.901,103000,0.012,1080,0.583,0.486,0.0656,3830,13900,0.127,9,0.421,0,1
2721.5,309000000,15200000,56300,0.00379,0.000725,2,0.0581,14800000,914000,11900,281000,206000,0.0052,0.789,2270000,0.133,21700,0.653,0.617,0.00934,19500,96200,1.46,10,0.898,1,1
2767.6,4090000,327000,4550,0.0354,1.94E-18,2,0.0137,124000,1720,101,136,158,0.00973,0.672,10200,0.0763,0,0.693,0,0.00297,223,6.36,0,4,8.58,0,1
2785.9,3290000,355000,0,0,3.58E-05,4,0.0131,134000,1780,68.5,113,0,0.0182,0,3700,0.0268,85.2,0.739,0,0,0,85,0.634,4,0,0,1
2795,6680000,365000,15200,0.0701,1.69E-05,4,0.0132,201000,2690,122,152,75.4,0.0136,0.828,8840,0.0421,60.5,0.619,0.918,0.00667,426,320,0.301,4,2.07,0,1
2804.2,2380000,360000,0,0,1.71E-18,4,0.0172,115000,2020,122,119,16,0.015,0.947,8020,0.0651,106,0.627,0.989,0.00459,0,21,0.92,4,12.6,0,1
2822.4,2890000,303000,0,0,1.94E-18,1,0.0156,112000,1770,95.7,24.9,26.3,0.0105,0.693,9000,0.0746,23.9,0.655,0.927,0.00345,216,164,0.214,4,0,0,1
2834.6,2030000,326000,0,0,1.78E-18,1,0.0143,116000,1680,62.9,201,12.3,0.00686,0.975,9100,0.0729,47.3,0.699,0.982,0,0,0,0.409,4,9.11,0,1
2849.9,5140000,382000,1870,0.0151,1.74E-18,4,0.0137,122000,1690,100,194,0,0.00858,0,11600,0.087,192,0.667,0,0.000828,0,0,1.58,4,2.11,0,1
2865.1,2820000,327000,0,0,1.9E-18,1,0.0159,124000,2000,97.2,51.3,104,0.00866,0.543,11100,0.0825,92.7,0.685,0.926,0.00103,22.5,0,0.749,4,5.73,0,1
2880.4,4690000,394000,557,0.00381,3.74E-06,1,0.0192,146000,2860,242,143,222,0.00912,0.607,26300,0.153,141,0.668,0.898,0.00151,42.7,0,0.966,4,2.8,0,1
2898.7,5620000,358000,10700,0.0856,1.56E-05,3,0.0139,114000,1600,52.6,32.1,0,0.0097,0,5370,0.045,81.7,0.656,0,0.00104,263,12.9,0.717,4,0,0,1
2901.7,2380000,447000,0,0,4.68E-18,1,0.0151,161000,2460,39.3,149,103,0.0051,0.777,7670,0.0456,26.1,0.696,0.78,0.00237,28.2,29.6,0.162,4,0,0,1
2904.7,3020000,489000,7910,0.06,4.8E-18,3,0.0147,124000,1850,90.1,29.7,161,0.0114,0.307,7850,0.0596,12.4,0.622,0.518,0.00188,152,0,0.0998,4,0,0,1
2907.8,5260000,536000,0,0,4.3E-06,1,0.0183,257000,4790,148,143,240,0.00617,0.589,23800,0.0846,166,0.666,0.906,0.00128,13.4,155,0.646,4,1.54,0,1
2913.9,6420000,805000,20000,0.0631,3.59E-06,4,0.019,297000,5750,113,213,0,0.00582,0,19300,0.0609,131,0.632,0,0.00166,155,0,0.44,4,1.23,1,1
2920,4830000,715000,0,0,0.00011,3,0.0208,463000,9860,197,239,0,0.0178,0,10900,0.023,233,0.61,0,0.00564,0,0,0.502,4,1.39,0,1
2923,11300000,1080000,11300,0.00885,0.00012,2,0.0161,1270000,20700,238,364,0,0.012,0,19600,0.0153,352,0.646,0,0.00333,218,0,0.278,4,1.55,1,1
2929.1,4320000,691000,696,0.00218,3.27E-05,3,0.0149,319000,4820,138,159,0,0.0107,0,12700,0.0384,168,0.666,0,0.00109,394,23,0.527,4,1.52,0,1
2930.3,7320000,842000,7170,0.029,1.41E-18,4,0.015,241000,3650,211,141,113,0.00955,0.754,21800,0.0832,0,0.673,0,0.0027,236,0,0,4,1.89,0,1
2935.2,3410000,680000,8850,0.0769,2.5E-05,2,0.0223,106000,2420,229,201,0,0.00602,0,37900,0.263,323,0.703,0,0.00106,179,0,3.03,4,5.12,0,1
2938.3,4160000,873000,0,0,1.59E-18,2,0.0151,229000,3510,218,147,130,0.0103,0.735,20900,0.0838,223,0.685,0.961,0.0022,117,0,0.974,4,2.84,0,1
2941.3,6700000,674000,2250,0.0102,1.6E-18,2,0.0134,219000,2980,100,103,0,0.0136,0,7260,0.0321,77,0.688,0,0.00483,234,230,0.351,4,7.5,0,1
2947.4,4840000,708000,0,0,3.07E-05,3,0.0124,480000,6040,135,75.4,258,0.00894,0.418,15000,0.0304,384,0.675,0.955,0.00247,214,0,0.8,4,1.62,0,1
2950.5,7010000,745000,11300,0.0458,1.54E-18,3,0.0124,236000,2970,110,0,291,0.0122,0,8890,0.0363,79.5,0.622,0.795,0.00241,517,0,0.337,4,40.1,0,1
2953.5,7730000,645000,0,0,1.6E-05,3,0.0138,432000,6030,164,236,116,0.0159,0.834,10200,0.0229,106,0.671,0.928,0,0,0,0.245,4,6.63,0,1
2962.7,8430000,699000,2410,0.00604,6.66E-05,2,0.0117,397000,4680,137,312,0,0.0111,0,12200,0.0298,151,0.683,0,0.00267,134,0,0.381,4,3.73,0,1
2968.8,21900000,735000,108,0.000516,1.23E-18,4,0.012,210000,2550,37.3,178,106,0.00457,0.805,8130,0.0373,243,0.654,0.97,0.00302,0,39.6,1.16,4,6.75,0,1
2980.9,17100000,576000,1750,0.00891,1.52E-18,2,0.0159,194000,3150,124,266,0,0.0163,0,7520,0.0372,49.5,0.721,0,0.00433,376,74.2,0.254,4,5.47,0,0
2990.1,12500000,839000,6280,0.0365,2.15E-05,2,0.0225,166000,3820,248,87.5,0,0.0125,0,19600,0.106,153,0.665,0,0.00142,0,13.9,0.923,4,1.68,0,0
3005.3,8250000,919000,0,0,1.33E-18,2,0.0213,180000,3920,211,128,72.2,0.00908,0.815,23100,0.114,177,0.681,0.972,0.001,492,0,0.986,4,0.429,0,0
3008.4,8920000,1020000,21100,0.102,3.63E-05,3,0.0186,186000,3540,192,162,289,0.0132,0.581,14400,0.0715,110,0.662,0.845,0.0037,205,140,0.591,4,2.37,0,0
3011.4,3980000,765000,0,0,1.53E-18,3,0.0253,174000,4510,161,265,238,0.0108,0.735,14800,0.0785,115,0.701,0.873,0.00258,360,55,0.66,4,2.53,0,0
3017.5,5460000,600000,30300,0.145,1.48E-05,3,0.0223,179000,4080,90.7,205,167,0.0184,0.754,4830,0.0263,4.83,0.697,0.293,0.00557,0,15.8,0.027,4,5.15,0,1
3066.3,13500000,2000000,4770,0.00234,0.000178,3,0.0061,2040000,12500,169,265,0,0.00866,0,19300,0.0094,46.4,0.685,0,0.00121,232,0,0.0228,4,0.915,1,1
3072.4,12200000,2000000,19200,0.0123,0.000159,3,0.00745,1540000,11500,281,208,87.9,0.0156,0.855,17700,0.0114,90,0.636,0.936,0.0014,0,125,0.0585,4,0.889,0,1
3078.5,5780000,993000,5230,0.00665,6.3E-05,2,0.00672,781000,5280,146,119,91.3,0.00973,0.765,14900,0.0187,113,0.709,0.947,0.002,973,74.6,0.144,4,2.18,0,1
3090.7,2210000,609000,2720,0.0243,1.7E-18,0,0.0238,109000,2670,300,193,0,0.015,0,19700,0.153,113,0.702,0,0.00137,0,83.6,1.03,4,3.15,0,0
3096.8,2760000,565000,6920,0.0543,2.13E-05,3,0.0167,120000,2050,67.4,0,0,0.0115,0,5790,0.0459,0,0.654,0,0.00171,123,37.3,0,4,0,0,0
3121.2,10100000,459000,5980,0.0724,1.62E-18,2,0.0226,76600,1770,157,121,56.2,0.0184,0.844,8380,0.0986,0,0.622,0,0,61.3,86.7,0,4,1.39,0,0
3127.2,4150000,486000,13100,0.119,1.62E-05,3,0.0212,97500,2110,141,181,156,0.0186,0.745,7430,0.0709,48,0.656,0.816,0.000867,177,157,0.492,4,4.04,0,0
3133.3,6740000,567000,231,0.00205,1.63E-18,4,0.0235,113000,2720,207,248,1.85,0.0158,0.997,12900,0.103,41.2,0.716,0.997,0.00259,176,10.1,0.365,4,2.37,0,0
3151.6,9910000,901000,0,0,1.72E-18,4,0.0262,76400,2060,52.7,5.12,58.9,0.00747,0.18,7000,0.084,20.4,0.705,0.833,0.00163,184,0,0.267,4,3.93,0,0
3157.7,10600000,849000,0,0,1.67E-18,4,0.0251,74300,1910,161,0,272,0.0141,0,11200,0.132,129,0.642,0.873,0.00163,0,115,1.73,4,2.36,0,0
3218.7,9790000,816000,14700,0.0521,4.05E-18,3,0.0137,267000,3710,70.9,179,0,0.00699,0,10100,0.0363,265,0.661,0,0.0053,211,11.2,0.99,4,3.44,0,1
3224.8,3450000,782000,1170,0.0155,1.12E-05,4,0.026,74600,1990,111,89.7,72.7,0.0107,0.758,10300,0.121,360,0.708,0.986,0.00352,298,107,4.81,4,2.48,0,0
3233.9,8640000,980000,8950,0.0423,3.58E-18,2,0.0131,203000,2690,279,123,39.2,0.0116,0.889,23800,0.105,60.1,0.702,0.957,0.00117,0,221,0.297,4,2.99,0,1
3237,6760000,695000,42000,0.374,4.11E-18,5,0.0274,70300,1980,168,80.4,74.5,0.0156,0.734,10600,0.131,49.6,0.699,0.907,0.000781,362,16.6,0.705,4,1.26,0,1
3240,6900000,738000,10600,0.102,4.2E-18,2,0.0242,93100,2310,172,0,31.8,0.0104,0,16400,0.15,167,0.662,0.987,0.00241,477,65.7,1.79,4,1.43,0,0
3243.1,4090000,713000,15500,0.179,1.53E-05,3,0.0244,70900,1770,152,28,30.5,0.0183,0.702,8130,0.103,135,0.661,0.985,0.00268,0,31.3,1.9,4,6.91,0,0
3246.1,20600000,754000,0,0,4.26E-18,4,0.012,165000,2000,101,171,520,0.013,0.457,7660,0.0443,45.7,0.661,0.562,0.00202,143,78,0.277,4,3.22,0,0
3249.2,13900000,1020000,9680,0.112,2.48E-18,2,0.0262,76700,2060,161,156,916,0.00954,0.304,16700,0.179,172,0.645,0.733,0.00106,0,165,2.24,4,4.48,0,0
3252.2,24700000,781000,15500,0.18,2.53E-18,2,0.0277,70900,2020,222,198,2.64,0.0158,0.995,13800,0.163,63.5,0.667,0.997,0.00176,306,0,0.894,4,3.53,1,0
3255.3,9580000,710000,11800,0.0857,1.78E-05,2,0.019,126000,2440,186,119,162,0.0128,0.654,14300,0.102,99.6,0.677,0.9,0,118,766,0.789,4,5.04,0,1
3258.3,10600000,639000,0,0,0,3,0.0217,63500,1410,132,120,0,0.0154,0,8450,0.117,57.8,0.649,0,0.000952,26.5,96.3,0.909,4,0,0,1
3261.4,30300000,683000,1570,0.0101,3.08E-18,2,0.0126,153000,1950,78.9,229,0,0.0104,0,7490,0.0466,0,0.618,0,0.0109,233,9.67,0,4,9.34,0,1
3264.4,4300000,589000,17500,0.162,2.91E-18,2,0.0221,90500,2050,175,151,14.5,0.0221,0.964,7720,0.0786,72.3,0.667,0.987,0.00262,350,0,0.798,4,3.67,0,1
3267.5,26000000,793000,0,0,3.34E-05,2,0.0249,98300,2510,247,372,0,0.00627,0,39100,0.284,130,0.684,0,0.0013,0,14,1.32,4,1.21,0,1
3270.5,8170000,627000,2360,0.0241,3.96E-18,3,0.0187,95800,1830,0,140,90.9,0,0.799,4410,0.044,128,0.571,0.954,0,0,164,1.34,4,0,0,1
3273.6,17500000,592000,7610,0.0868,4.25E-06,3,0.0187,80000,1520,100,340,1170,0.0342,0.43,2830,0.0341,83.5,0.659,0.513,0.00528,19.5,109,1.04,4,0,0,1
3276.6,18100000,570000,0,0,3.27E-18,2,0.0182,71900,1330,50.3,0,0,0.0141,0,3520,0.0467,0,0.701,0,0.000562,160,0,0,4,0,0,1
3279.7,15800000,481000,0,0,3.31E-18,0,0.0157,74800,1200,0,130,29.4,0,0.92,3520,0.045,49.4,0.731,0.961,0,64.1,5.72,0.66,4,0,0,1
3285.7,44500000,741000,11800,0.0461,2.71E-18,3,0.00996,244000,2450,108,174,0,0.0162,0,6580,0.0263,130,0.68,0,0,101,10.4,0.532,4,0,0,1
3288.8,45500000,745000,5020,0.0159,2.71E-05,3,0.00853,311000,2680,23.5,142,0,0.0033,0,7120,0.0223,50,0.685,0,0.00197,480,80.3,0.161,4,0,0,1
3291.8,49300000,649000,3850,0.0166,2.98E-18,3,0.0134,229000,3100,107,208,0,0.0174,0,6030,0.0257,14.8,0.702,0,0,0,0,0.0646,4,0,0,1
3294.9,18000000,669000,0,0,3.04E-18,2,0.0221,66100,1500,66.1,80.5,0,0.0103,0,6360,0.0877,80.8,0.681,0,0,7.71,103,1.22,4,0.912,0,1
3297.9,64300000,622000,0,0,2.83E-18,0,0.0157,110000,1760,164,0,162,0.0247,0,6470,0.0556,12.8,0.704,0.54,0.00298,0,358,0.117,4,0,0,1
3301,62100000,613000,0,0,2.28E-06,2,0.0201,62600,1280,65.3,213,579,0.0116,0.491,5550,0.0814,105,0.646,0.729,0.0025,96.8,199,1.67,4,0,0,1
3304,79000000,721000,19300,0.178,3.19E-18,0,0.0196,89200,1780,33.7,216,62.4,0.00496,0.901,6750,0.0704,202,0.697,0.98,0.00284,300,45,2.26,4,0,0,1
3307.1,87200000,690000,1440,0.0106,3.26E-18,1,0.0117,135000,1600,90.3,106,181,0.0132,0.606,6750,0.0476,0,0.742,0,0.003,0,0,0,4,0,0,1
3310.1,138000000,672000,3310,0.0602,3.19E-18,2,0.0241,51600,1280,152,154,87.4,0.0205,0.823,7270,0.123,117,0.621,0.952,0,61.1,40.6,2.26,4,9.19,0,1
3313.2,64600000,880000,0,0,5.84E-06,2,0.0203,56400,1170,62.8,186,0,0.00847,0,7360,0.115,26.5,0.594,0,0.002,328,251,0.469,4,2.15,0,1
3316.2,241000000,1020000,3540,0.0452,2.6E-18,1,0.0291,74700,2240,35.8,348,0,0.00296,0,12000,0.139,248,0.682,0,0.00108,0,39,3.3,4,3.48,0,1
3319.3,102000000,795000,4680,0.0421,2.29E-05,0,0.0215,107000,2340,210,234,0,0.0121,0,17100,0.139,163,0.642,0,0.00115,192,0,1.53,4,1.82,0,1
3322.3,73400000,770000,2230,0.0134,3.72E-18,1,0.0126,164000,2080,58.8,253,515,0.0146,0.567,3970,0.0236,225,0.679,0.868,0.00841,0,2.39E-12,1.37,4,0,0,1
3325.4,346000000,658000,0,0,2.03E-18,3,0.0183,109000,2020,121,14.7,269,0.00953,0.127,12500,0.104,174,0.668,0.907,0.0038,151,0,1.6,4,1.73,0,1
3328.4,328000000,717000,0,0,8.25E-19,0,0.0139,189000,2660,84.7,116,110,0.00981,0.738,8550,0.0433,170,0.672,0.959,0.000811,145,0,0.9,4,2.42,0,1
3331.5,573000000,638000,41400,0.313,9.08E-19,4,0.0194,90800,1800,8.34,83.4,0,0.00178,0,4670,0.0489,0.0434,0.678,0,0.000887,119,0,0.000478,4,0,0,1
3334.5,312000000,641000,169,0.00113,8.56E-19,4,0.0157,149000,2370,150,0,0,0.0181,0,8140,0.0518,103,0.69,0,0.00188,68.9,0,0.688,4,15.8,0,1
3337.6,603000000,727000,3640,0.0317,8.59E-19,3,0.0257,112000,2940,53.2,69.5,0,0.00819,0,6440,0.0546,66.3,0.655,0,0.0012,371,18.1,0.594,4,0,0,1
3340.6,199000000,709000,0,0,8.9E-19,3,0.0223,83000,1900,69.2,98.4,128,0.0133,0.673,5130,0.0582,41.2,0.654,0.829,0.00137,382,373,0.496,4,0,0,1
3343.7,93800000,650000,0,0,9.22E-19,1,0.0227,74500,1730,124,150,0,0.029,0,4150,0.0527,23.8,0.678,0,0.00385,24.4,20.8,0.32,4,0,0,1
3346.7,198000000,585000,0,0,9.71E-19,4,0.0197,76900,1540,23.8,115,70.8,0.0044,0.815,5370,0.0653,4.91,0.844,0.512,0.00483,359,43.5,0.0638,4,0,0,1
3349.8,10200000,600000,0,0,1.8E-18,4,0.0175,103000,1840,80.4,79.7,0,0.0163,0,4840,0.0449,155,0.778,0,0.00356,0,0,1.51,4,26.2,0,1
3352.8,293000000,1030000,0,0,4.18E-05,1,0.0275,141000,3980,222,915,1100,0.00629,0.696,35100,0.2,219,0.688,0.753,0.00313,32.2,738,1.55,4,4.16,0,1
3353.4,405000000,581000,0,0,4.09E-18,4,0.017,130000,2250,132,136,33.1,0.0264,0.917,4880,0.0362,123,0.73,0.983,0.00246,364,0,0.945,4,0,0,0
3354.3,3630000000,567000,0,0,1.59E-18,3,0.0323,102000,3400,281,683,716,0.0157,0.724,17600,0.147,221,0.672,0.825,0.00544,384,133,2.16,4,3.62,0,0
3355.8,5200000,531000,0,0,2.41E-05,1,0.0196,105000,2100,145,421,635,0.00709,0.646,20300,0.162,160,0.703,0.794,0.00322,254,127,1.52,4,5.14,0,0
